CSM Verification Test System v CSM3.0.1a1
Program Start Time = Wed Jan 17 10:58:42 2007

For this computer the number of tics-per-second (CLOCKS_PER_SEC) = 1000000

Start,End, Serial,,,In,In,In,In,In,In,In,In,In,In,In,In,In,In,In,In,In,In,In,In,In,In,In,In,In,In,In,In,In,In,In,In,In,In,In,In,In,In,In,In,In,In,In,In,In,In,In,In,In,In,,Out 1,,,Out 2,,,Out 3,,,Out 4,,,Out 5,,,Out 6,,,Out 7,,,Out 8,,,Out 9,,,Out 10,,,Out 11,,,Out 12,,,Out 13,,,Out 14,,,Out 15,,,Out 16,,,Out 17,,
,Time,Time,Number,Comment,Command Name, 1,2,3,4,5,6,7,8,9,10,11,12,13,14,15,16,17,18,19,20,21,22,23,24,25,26,27,28,29,30,31,32,33,34,35,36,37,38,39,40,41,42,43,44,45,46,47,48,49,50,Rtn,Dif,P/F,Rtn,Dif,P/F,Rtn,Dif,P/F,Rtn,Dif,P/F,Rtn,Dif,P/F,Rtn,Dif,P/F,Rtn,Dif,P/F,Rtn,Dif,P/F,Rtn,Dif,P/F,Rtn,Dif,P/F,Rtn,Dif,P/F,Rtn,Dif,P/F,Rtn,Dif,P/F,Rtn,Dif,P/F,Rtn,Dif,P/F,Rtn,Dif,P/F,Rtn,Dif,P/F,
30000,30000,1,,vtsRead20ISDFile,data/GHSarNITF20_good.ntf
30000,30000,2,,makeModelListFromISD,Found a Model that matches
30000,30000,3,,getList,ExamplePlugin StubPlugin 
30000,30000,4,,findPlugin,Found
30000,30000,5,,removePlugin,Removed
30000,30000,6,,getPluginName,StubPlugin 
30000,30000,7,,getList,StubPlugin 
30000,30000,8,,getSensorModelName1,STUB_SENSOR_MODEL
30000,30000,9,,canISDBeConvertedToSensorModelState,Possibly Convertable
40000,40000,10,,convertISDToSensorModelState,Converted -  Returned State:  Converted ISD to Sensor Model State
40000,40000,11,,canSensorModelBeConstructedFromState,Possibly Constructable
40000,40000,12,,constructSensorModelFromState,Constructed
40000,40000,13,,constructSensorModelFromISD,Constructed
40000,40000,14,,getUnmodeledCrossCovariance,90.0,91.0,92.0,93.0,-c,9.0,-+,0,,,,,,,,,,,,,,,,,,,,,,,,,,,,,,,,,,,,,,,,,,,9.000000,0.000000,Pass,9.100000,0.000000,Pass,9.200000,0.000000,Pass,9.300000,0.000000,Pass,,,,,,,,,,,,,,,,,,,,,,,,,,,,,,,,,,,,,,,,,,,
60000,60000,15,,getUnmodeledError,80.0,81.0,-c,8.0,-+,0,,,,,,,,,,,,,,,,,,,,,,,,,,,,,,,,,,,,,,,,,,,,,8.000000,0.000000,Pass,8.100000,0.000000,Pass,8.200000,0.000000,Pass,8.300000,0.000000,Pass,,,,,,,,,,,,,,,,,,,,,,,,,,,,,,,,,,,,,,,,,,,
60000,60000,16,,getValidHeightRange,-c,6.0,-+,0,,,,,,,,,,,,,,,,,,,,,,,,,,,,,,,,,,,,,,,,,,,,,,,6.000000,0.000000,Pass,7.000000,0.000000,Pass,,,,,,,,,,,,,,,,,,,,,,,,,,,,,,,,,,,,,,,,,,,,,,,,,
60000,60000,17,,getValidImageRange,-c,6.0,-+,0,,,,,,,,,,,,,,,,,,,,,,,,,,,,,,,,,,,,,,,,,,,,,,,6.000000,0.000000,Pass,7.000000,0.000000,Pass,6.500000,0.000000,Pass,7.500000,0.000000,Pass,,,,,,,,,,,,,,,,,,,,,,,,,,,,,,,,,,,,,,,,,,,
60000,60000,18,,isParameterShareable,3,-c,1,-+,0,,,,,,,,,,,,,,,,,,,,,,,,,,,,,,,,,,,,,,,,,,,,,,1.000000,0.000000,Pass,,,,,,,,,,,,,,,,,,,,,,,,,,,,,,,,,,,,,,,,,,,,,,,,,,,,
60000,60000,19,,setParameterType,9,0,,,,,,,,,,,,,,,,,,,,,,,,,,,,,,,,,,,,,,,,,,,,,,,,,,,,,,,,,,,,,,,,,,,,,,,,,,,,,,,,,,,,,,,,,,,,,,,,,,,,,,,
60000,60000,20,,getSensorModelName2,-c,TheSMName,,,,,,,,,,,,,,,,,,,,,,,,,,,,,,,,,,,,,,,,,,,,,,,,,TheSMName,,Pass,,,,,,,,,,,,,,,,,,,,,,,,,,,,,,,,,,,,,,,,,,,,,,,,,,,,,,,,,,,,,,,,,,,,,,,,,,,,,,,,,,,,,,,,,,,,,,,,,,,,
60000,60000,21,,getSensorModelState,,,,,,,,,,,,,,,,,,,,,,,,,,,,,,,,,,,,,,,,,,,,,,,,,,,Saved -  Returned State:  State_Value,,,,,,,,,,,,,,,,,,,,,,,,,,,,,,,,,,,,,,,,,,,,,,,,,
60000,60000,22,,getCSMVersion,3010 , 
60000,60000,23,,getCollectionIdentifier,,,,,,,,,,,,,,,,,,,,,,,,,,,,,,,,,,,,,,,,,,,,,,,,,,,CollectionId,,Pass,,,,,,,,,,,,,,,,,,,,,,,,,,,,,,,,,,,,,,,,,,,,,,,,,,,,,,,,,,,,,,,,,,,,,,,,,,,,,,,,,,,,,,,,,,,,,,,,,,,,,,,
60000,60000,24,,getManufacturer,GENERAL_DYNAMICS
60000,60000,25,,getNSensorModels,2
60000,60000,26,,getReleaseDate,17760704
60000,60000,27,,getSensorModelName1,STUB_SENSOR_MODEL
60000,60000,28,,getSensorModelNameFromSensorModelState,STUB_SENSOR_MODEL_FROM_STATE
60000,60000,29,,getSensorModelVersion,2 , 
,,,This_is_a_comment_for_all.csv,This_is_text_for_all.csv 
This is free form text for all.csv 
80000,80000,30,,vtsRepeat,10
80000,80000,31,,getManufacturer,GENERAL_DYNAMICS
80000,80000,32,,vtsTermEcho,1
80000,80000,33,,vtsTermEcho,2
80000,80000,34,,printList,
90000,90000,35,,groundToImage1,11.0,22.0,33.0,.44,-c,55.0,-+,0,,,,,,,,,,,,,,,,,,,,,,,,,,,,,,,,,,,,,,,,,,,55.000000,0.000000,Pass,66.000000,0.000000,Pass,0.770000,0.000000,Pass,,,,,,,,,,,,,,,,,,,,,,,,,,,,,,,,,,,,,,,,,,,,,,
90000,90000,36,,groundToImage2,55.0,66.0,77.0,.88,1.0,2.0,3.0,4.0,5.0,6.0,7.0,8.0,9.0,-c,99.0,-+,0,,,,,,,,,,,,,,,,,,,,,,,,,,,,,,,,,,99.000000,0.000000,Pass,111.000000,0.000000,Pass,0.220000,0.000000,Pass,1.100000,0.000000,Pass,1.200000,0.000000,Pass,1.300000,0.000000,Pass,1.400000,0.000000,Pass,,,,,,,,,,,,,,,,,,,,,,,,,,,,,,,,,,
100000,100000,37,,imageToGround1,11.0,22.0,33.0,.44,-c,5.0,-+,0,,,,,,,,,,,,,,,,,,,,,,,,,,,,,,,,,,,,,,,,,,,5.000000,0.000000,Pass,6.000000,0.000000,Pass,7.000000,0.000000,Pass,8.000000,0.000000,Pass,,,,,,,,,,,,,,,,,,,,,,,,,,,,,,,,,,,,,,,,,,,
100000,100000,38,,imageToGround2,55.0,66.0,1.0,2.0,3.0,4.0,77.0,5.0,.88,-c,3.0,-+,0.0,,,,,,,,,,,,,,,,,,,,,,,,,,,,,,,,,,,,,,3.000000,0.000000,Pass,4.000000,0.000000,Pass,5.000000,0.000000,Pass,2.000000,0.000000,Pass,2.100000,0.000000,Pass,2.200000,0.000000,Pass,2.300000,0.000000,Pass,2.400000,0.000000,Pass,2.500000,0.000000,Pass,2.600000,0.000000,Pass,2.700000,0.000000,Pass,2.800000,0.000000,Pass,6.000000,0.000000,Pass,,,,,,,,,,,,,,,,
110000,110000,39,,imageToProximateImagingLocus,10.0,11.0,12.0,13.0,14.0,.5,-c,6.0,-+,0,,,,,,,,,,,,,,,,,,,,,,,,,,,,,,,,,,,,,,,,,6.000000,0.000000,Pass,3.000000,0.000000,Pass,3.100000,0.000000,Pass,3.200000,0.000000,Pass,3.300000,0.000000,Pass,3.400000,0.000000,Pass,3.500000,0.000000,Pass,,,,,,,,,,,,,,,,,,,,,,,,,,,,,,,,,,
110000,110000,40,,imageToRemoteImagingLocus,20.0,21.0,.22,-c,4.0,-+,0,,,,,,,,,,,,,,,,,,,,,,,,,,,,,,,,,,,,,,,,,,,,4.000000,0.000000,Pass,4.100000,0.000000,Pass,4.200000,0.000000,Pass,4.300000,0.000000,Pass,4.400000,0.000000,Pass,4.500000,0.000000,Pass,4.600000,0.000000,Pass,,,,,,,,,,,,,,,,,,,,,,,,,,,,,,,,,,
110000,120000,41,,computeAllSensorPartials1,41.0,42.0,43.0,.44,-c,6.1,-+,0,,,,,,,,,,,,,,,,,,,,,,,,,,,,,,,,,,,,,,,,,,,6.100000,0.000000,Pass,6.200000,0.000000,Pass,6.300000,0.000000,Pass,,,,,,,,,,,,,,,,,,,,,,,,,,,,,,,,,,,,,,,,,,,,,,
120000,120000,42,,computeAllSensorPartials2,60.0,70.0,81.0,82.0,83.0,.84,-c,7.4,-+,0,,,,,,,,,,,,,,,,,,,,,,,,,,,,,,,,,,,,,,,,,7.400000,0.000000,Pass,7.500000,0.000000,Pass,7.600000,0.000000,Pass,,,,,,,,,,,,,,,,,,,,,,,,,,,,,,,,,,,,,,,,,,,,,,
120000,120000,43,,computeGroundPartials,30.0,31.0,32.0,-c,5.0,-+,0,,,,,,,,,,,,,,,,,,,,,,,,,,,,,,,,,,,,,,,,,,,,5.000000,0.000000,Pass,5.100000,0.000000,Pass,5.200000,0.000000,Pass,5.300000,0.000000,Pass,5.400000,0.000000,Pass,5.500000,0.000000,Pass,,,,,,,,,,,,,,,,,,,,,,,,,,,,,,,,,,,,,
120000,130000,44,,computeSensorPartials1,4,41.0,42.0,43.0,.44,-c,6.1,-+,0,,,,,,,,,,,,,,,,,,,,,,,,,,,,,,,,,,,,,,,,,,6.100000,0.000000,Pass,6.200000,0.000000,Pass,6.300000,0.000000,Pass,,,,,,,,,,,,,,,,,,,,,,,,,,,,,,,,,,,,,,,,,,,,,,
130000,130000,45,,computeSensorPartials2,5,60.0,70.0,81.0,82.0,83.0,.84,-c,7.4,-+,0,,,,,,,,,,,,,,,,,,,,,,,,,,,,,,,,,,,,,,,,7.400000,0.000000,Pass,7.500000,0.000000,Pass,7.600000,0.000000,Pass,,,,,,,,,,,,,,,,,,,,,,,,,,,,,,,,,,,,,,,,,,,,,,
140000,140000,46,,getCurrentParameterCovariance,1,2,-c,42.0,-+,0,,,,,,,,,,,,,,,,,,,,,,,,,,,,,,,,,,,,,,,,,,,,,42.000000,0.000000,Pass,,,,,,,,,,,,,,,,,,,,,,,,,,,,,,,,,,,,,,,,,,,,,,,,,,,,
140000,150000,47,,setCurrentParameterCovariance,3,4,5.0,,,,,,,,,,,,,,,,,,,,,,,,,,,,,,,,,,,,,,,,,,,,,,,,,,,,,,,,,,,,,,,,,,,,,,,,,,,,,,,,,,,,,,,,,,,,,,,,,,,,,,
160000,160000,48,,setOriginalParameterCovariance,6,7,8.0,,,,,,,,,,,,,,,,,,,,,,,,,,,,,,,,,,,,,,,,,,,,,,,,,,,,,,,,,,,,,,,,,,,,,,,,,,,,,,,,,,,,,,,,,,,,,,,,,,,,,,
160000,160000,49,,getOriginalParameterCovariance,1,2,-c,24.0,-+,0,,,,,,,,,,,,,,,,,,,,,,,,,,,,,,,,,,,,,,,,,,,,,24.000000,0.000000,Pass,,,,,,,,,,,,,,,,,,,,,,,,,,,,,,,,,,,,,,,,,,,,,,,,,,,,
160000,160000,50,,getTrajectoryIdentifier,-c,TrajectoryId,,,,,,,,,,,,,,,,,,,,,,,,,,,,,,,,,,,,,,,,,,,,,,,,,TrajectoryId,,Pass,,,,,,,,,,,,,,,,,,,,,,,,,,,,,,,,,,,,,,,,,,,,,,,,,,,,,,,,,,,,,,,,,,,,,,,,,,,,,,,,,,,,,,,,,,,,,,,,,,,,,,,
160000,160000,51,,getReferenceDateAndTime,-c,20030515Z152106,,,,,,,,,,,,,,,,,,,,,,,,,,,,,,,,,,,,,,,,,,,,,,,,,20030515Z152106,,Pass,,,,,,,,,,,,,,,,,,,,,,,,,,,,,,,,,,,,,,,,,,,,,,,,,,,,,,,,,,,,,,,,,,,,,,,,,,,,,,,,,,,,,,,,,,,,,,,,,,,,
160000,160000,52,,getImageTime,3.0,4.0,-c,4.2,-+,0,,,,,,,,,,,,,,,,,,,,,,,,,,,,,,,,,,,,,,,,,,,,,4.200000,0.000000,Pass,,,,,,,,,,,,,,,,,,,,,,,,,,,,,,,,,,,,,,,,,,,,,,,,,,,,
160000,160000,53,,getSensorPosition1,5.0,6.0,-c,1.0,-+,0,,,,,,,,,,,,,,,,,,,,,,,,,,,,,,,,,,,,,,,,,,,,,1.000000,0.000000,Pass,2.000000,0.000000,Pass,3.000000,0.000000,Pass,,,,,,,,,,,,,,,,,,,,,,,,,,,,,,,,,,,,,,,,,,,,,,
160000,160000,54,,getSensorPosition2,5.0,-c,1.0,-+,0.5,,,,,,,,,,,,,,,,,,,,,,,,,,,,,,,,,,,,,,,,,,,,,,1.000000,0.000000,Pass,2.000000,0.000000,Pass,3.000000,0.000000,Pass,,,,,,,,,,,,,,,,,,,,,,,,,,,,,,,,,,,,,,,,,,,,,,
160000,160000,55,,getSensorVelocity1,7.0,8.0,-c~,-c~,-c,6.0,-+,0,,,,,,,,,,,,,,,,,,,,,,,,,,,,,,,,,,,,,,,,,,,4.000000,0.000000,Pass,5.000000,0.000000,Pass,6.000000,0.000000,Pass,,,,,,,,,,,,,,,,,,,,,,,,,,,,,,,,,,,,,,,,,,,,,,
160000,160000,56,,getSensorVelocity2,7.0,-c~,-c~,-c,6.0,-+,0.5,,,,,,,,,,,,,,,,,,,,,,,,,,,,,,,,,,,,,,,,,,,,4.000000,0.000000,Pass,5.000000,0.000000,Pass,6.000000,0.000000,Pass,,,,,,,,,,,,,,,,,,,,,,,,,,,,,,,,,,,,,,,,,,,,,,
160000,160000,57,,setCurrentParameterValue,1,2.0,,,,,,,,,,,,,,,,,,,,,,,,,,,,,,,,,,,,,,,,,,,,,,,,,,,,,,,,,,,,,,,,,,,,,,,,,,,,,,,,,,,,,,,,,,,,,,,,,,,,,,,
160000,160000,58,,getCurrentParameterValue,3,-c,33.0,-+,0,,,,,,,,,,,,,,,,,,,,,,,,,,,,,,,,,,,,,,,,,,,,,,33.000000,0.000000,Pass,,,,,,,,,,,,,,,,,,,,,,,,,,,,,,,,,,,,,,,,,,,,,,,,,,,,
160000,160000,59,,getParameterName,1,Param1,,,,,,,,,,,,,,,,,,,,,,,,,,,,,,,,,,,,,,,,,,,,,,,,,Param1,,Pass,,,,,,,,,,,,,,,,,,,,,,,,,,,,,,,,,,,,,,,,,,,,,,,,,,,,,,,,,,,,,,,,,,,,,,,,,,,,,,,,,,,,,,,,,,,,,,,,,,,,
170000,170000,60,,getParameterSharingCriteria,4,-c,1,-+,0,,,,,,,,,,,,,,,,,,,,,,,,,,,,,,,,,,,,,,,,,,,,,,1.000000,0.000000,Pass,0.000000,0.000000,Pass,0.000000,0.000000,Pass,0.000000,0.000000,Pass,0.000000,0.000000,Pass,0.000000,0.000000,Pass,2.000000,0.000000,Pass,,,,,,,,,,,,,,,,,,,,,,,,,,,,,,,,,,
170000,170000,61,,getNumParameters,-c,39,-+,0,,,,,,,,,,,,,,,,,,,,,,,,,,,,,,,,,,,,,,,,,,,,,,,39.000000,0.000000,Pass,,,,,,,,,,,,,,,,,,,,,,,,,,,,,,,,,,,,,,,,,,,,,,,,,,,,
170000,170000,62,,setOriginalParameterValue,5,60.0,,,,,,,,,,,,,,,,,,,,,,,,,,,,,,,,,,,,,,,,,,,,,,,,,,,,,,,,,,,,,,,,,,,,,,,,,,,,,,,,,,,,,,,,,,,,,,,,,,,,,,,
170000,170000,63,,getOriginalParameterValue,7,-c,44.0,-+,0,,,,,,,,,,,,,,,,,,,,,,,,,,,,,,,,,,,,,,,,,,,,,,44.000000,0.000000,Pass,,,,,,,,,,,,,,,,,,,,,,,,,,,,,,,,,,,,,,,,,,,,,,,,,,,,
170000,170000,64,,getParameterType,8,-c,2,-+,0,,,,,,,,,,,,,,,,,,,,,,,,,,,,,,,,,,,,,,,,,,,,,,2.000000,0.000000,Pass,,,,,,,,,,,,,,,,,,,,,,,,,,,,,,,,,,,,,,,,,,,,,,,,,,,,
180000,180000,65,,getPedigree,-c,Pedigree,,,,,,,,,,,,,,,,,,,,,,,,,,,,,,,,,,,,,,,,,,,,,,,,,Pedigree,,Pass,,,,,,,,,,,,,,,,,,,,,,,,,,,,,,,,,,,,,,,,,,,,,,,,,,,,,,,,,,,,,,,,,,,,,,,,,,,,,,,,,,,,,,,,,,,,,,,,,,,,
180000,180000,66,,getIlluminationDirection,11.0,22.0,33.0,.44,-c,55.0,-+,0,,,,,,,,,,,,,,,,,,,,,,,,,,,,,,,,,,,,,,,,,,,55.000000,0.000000,Pass,66.000000,0.000000,Pass,0.770000,0.000000,Pass,,,,,,,,,,,,,,,,,,,,,,,,,,,,,,,,,,,,,,,,,,,,,,
180000,180000,67,,getImageIdentifier,-c,TheImagID,,,,,,,,,,,,,,,,,,,,,,,,,,,,,,,,,,,,,,,,,,,,,,,,,TheImagID,,Pass,,,,,,,,,,,,,,,,,,,,,,,,,,,,,,,,,,,,,,,,,,,,,,,,,,,,,,,,,,,,,,,,,,,,,,,,,,,,,,,,,,,,,,,,,,,,,,,,,,,,
180000,180000,68,,setImageIdentifier,SetImageID,,,,,,,,,,,,,,,,,,,,,,,,,,,,,,,,,,,,,,,,,,,,,,,,,,,,,,,,,,,,,,,,,,,,,,,,,,,,,,,,,,,,,,,,,,,,,,,,,,,,,,,,
180000,180000,69,,getSensorIdentifier,-c,SensorID,,,,,,,,,,,,,,,,,,,,,,,,,,,,,,,,,,,,,,,,,,,,,,,,,SensorID,,Pass,,,,,,,,,,,,,,,,,,,,,,,,,,,,,,,,,,,,,,,,,,,,,,,,,,,,,,,,,,,,,,,,,,,,,,,,,,,,,,,,,,,,,,,,,,,,,,,,,,,,
180000,180000,70,,getPlatformIdentifier,-c,PlatformID,,,,,,,,,,,,,,,,,,,,,,,,,,,,,,,,,,,,,,,,,,,,,,,,,PlatformID,,Pass,,,,,,,,,,,,,,,,,,,,,,,,,,,,,,,,,,,,,,,,,,,,,,,,,,,,,,,,,,,,,,,,,,,,,,,,,,,,,,,,,,,,,,,,,,,,,,,,,,,,
180000,180000,71,,getReferencePoint,-c,6.0,-+,0,,,,,,,,,,,,,,,,,,,,,,,,,,,,,,,,,,,,,,,,,,,,,,,6.000000,0.000000,Pass,7.000000,0.000000,Pass,8.000000,0.000000,Pass,,,,,,,,,,,,,,,,,,,,,,,,,,,,,,,,,,,,,,,,,,,,,,
180000,180000,72,,setReferencePoint,70.0,80.0,90.0,,,,,,,,,,,,,,,,,,,,,,,,,,,,,,,,,,,,,,,,,,,,,,,,,,,,,,,,,,,,,,,,,,,,,,,,,,,,,,,,,,,,,,,,,,,,,,,,,,,,,,
180000,180000,73,,getImageSize,-c,45,-+,0,,,,,,,,,,,,,,,,,,,,,,,,,,,,,,,,,,,,,,,,,,,,,,,45.000000,0.000000,Pass,46.000000,0.000000,Pass,,,,,,,,,,,,,,,,,,,,,,,,,,,,,,,,,,,,,,,,,,,,,,,,,
190000,190000,74,,getList,StubPlugin 
190000,190000,75,,findPlugin,Found
190000,190000,76,,canISDBeConvertedToSensorModelState,Possibly Convertable
190000,190000,77,,convertISDToSensorModelState,Converted -  Returned State:  Converted ISD to Sensor Model State
200000,200000,78,,canSensorModelBeConstructedFromState,Possibly Constructable
200000,200000,79,,constructSensorModelFromState,Constructed
200000,200000,80,,constructSensorModelFromISD,Constructed
200000,200000,81,,getManufacturer,GENERAL_DYNAMICS
200000,200000,82,,getNSensorModels,2
200000,200000,83,,getReleaseDate,17760704
200000,200000,84,,getSensorModelName1,STUB_SENSOR_MODEL
200000,200000,85,,getSensorModelNameFromSensorModelState,STUB_SENSOR_MODEL_FROM_STATE
200000,200000,86,,getSensorModelVersion,2 , 
,,,This_is_a_comment_for_all.csv,This_is_text_for_all.csv 
This is free form text for all.csv 
210000,210000,87,,vtsRepeat,10
210000,210000,88,,getManufacturer,GENERAL_DYNAMICS
220000,220000,89,,vtsTermEcho,1
220000,220000,90,,getReferencePoint,-c,6.0,-+,0,,,,,,,,,,,,,,,,,,,,,,,,,,,,,,,,,,,,,,,,,,,,,,,6.000000,0.000000,Pass,7.000000,0.000000,Pass,8.000000,0.000000,Pass,,,,,,,,,,,,,,,,,,,,,,,,,,,,,,,,,,,,,,,,,,,,,,
220000,220000,91,,vtsTermEcho,0
220000,220000,92,,getReferencePoint,-c,6.0,-+,0,,,,,,,,,,,,,,,,,,,,,,,,,,,,,,,,,,,,,,,,,,,,,,,6.000000,0.000000,Pass,7.000000,0.000000,Pass,8.000000,0.000000,Pass,,,,,,,,,,,,,,,,,,,,,,,,,,,,,,,,,,,,,,,,,,,,,,
220000,220000,93,,vtsTermEcho,2
220000,220000,94,,getReferencePoint,-c,6.0,-+,0,,,,,,,,,,,,,,,,,,,,,,,,,,,,,,,,,,,,,,,,,,,,,,,6.000000,0.000000,Pass,7.000000,0.000000,Pass,8.000000,0.000000,Pass,,,,,,,,,,,,,,,,,,,,,,,,,,,,,,,,,,,,,,,,,,,,,,
230000,230000,95,,getList_T,ExampleTargetPlugin StubTargetPlugin 
230000,230000,96,,getPluginName_T,ExampleTargetPlugin StubTargetPlugin 
230000,230000,97,,makeTargetListFromISD,Found a Target that matches
230000,230000,98,,getTargetModelName,STUB_TARGET_MODEL
240000,240000,99,,canTargetModelBeConstructedFromISD,Possibly Constructable
240000,240000,100,,findPlugin_T,Found
240000,240000,101,,getCSMVersion_T,302 , 
240000,240000,102,,getManufacturer_T,GENERAL_DYNAMICS
240000,240000,103,,getNTargetModels,,,,,,,,,,,,,,,,,,,,,,,,,,,,,,,,,,,,,,,,,,,,,,,,,,,2.000000,0.000000,Pass,,,,,,,,,,,,,,,,,,,,,,,,,,,,,,,,,,,,,,,,,,,,,,,,,,,,
240000,240000,104,,getReleaseDate_T,17760704
240000,240000,105,,constructTargetModelFromISD,Constructed
240000,240000,106,,getNumTargets,,,,,,,,,,,,,,,,,,,,,,,,,,,,,,,,,,,,,,,,,,,,,,,,,,,3.000000,0.000000,Pass,,,,,,,,,,,,,,,,,,,,,,,,,,,,,,,,,,,,,,,,,,,,,,,,,,,,
240000,240000,107,,addTarget,,,,,,,,,,,,,,,,,,,,,,,,,,,,,,,,,,,,,,,,,,,,,,,,,,,4.000000,0.000000,Pass,,,,,,,,,,,,,,,,,,,,,,,,,,,,,,,,,,,,,,,,,,,,,,,,,,,,
240000,240000,108,,getNumTargets,,,,,,,,,,,,,,,,,,,,,,,,,,,,,,,,,,,,,,,,,,,,,,,,,,,4.000000,0.000000,Pass,,,,,,,,,,,,,,,,,,,,,,,,,,,,,,,,,,,,,,,,,,,,,,,,,,,,
240000,240000,109,,getTarget,Target Reterived
240000,240000,110,,getTargetBoundingShape,1,-c,0,,,,,,,,,,,,,,,,,,,,,,,,,,,,,,,,,,,,,,,,,,,,,,,,0.000000,0.000000,Pass,,,,,,,,,,,,,,,,,,,,,,,,,,,,,,,,,,,,,,,,,,,,,,,,,,,,
240000,240000,111,,getTargetCategory,1,-c,2,,,,,,,,,,,,,,,,,,,,,,,,,,,,,,,,,,,,,,,,,,,,,,,,2.000000,0.000000,Pass,,,,,,,,,,,,,,,,,,,,,,,,,,,,,,,,,,,,,,,,,,,,,,,,,,,,
240000,240000,112,,getTargetID,TargetID
240000,240000,113,,getTargetModelVersion,2
240000,240000,114,,getTargetPosition1,5.0,6.0,-c,1.0,-+,0,,,,,,,,,,,,,,,,,,,,,,,,,,,,,,,,,,,,,,,,,,,,,1.000000,0.000000,Pass,2.000000,0.000000,Pass,3.000000,0.000000,Pass,,,,,,,,,,,,,,,,,,,,,,,,,,,,,,,,,,,,,,,,,,,,,,
240000,240000,115,,getTargetPosition2,5.0,6.0,-c,1.0,-+,0,,,,,,,,,,,,,,,,,,,,,,,,,,,,,,,,,,,,,,,,,,,,,1.000000,0.000000,Pass,2.000000,0.000000,Pass,3.000000,0.000000,Pass,4.000000,0.000000,Pass,5.000000,0.000000,Pass,6.000000,0.000000,Pass,7.000000,0.000000,Pass,8.000000,0.000000,Pass,9.000000,0.000000,Pass,10.000000,0.000000,Pass,11.000000,0.000000,Pass,12.000000,0.000000,Pass,,,,,,,,,,,,,,,,,,,
240000,250000,116,,getTargetSensorAmplitude,1,-c,1,,,,,,,,,,,,,,,,,,,,,,,,,,,,,,,,,,,,,,,,,,,,,,,,1.000000,0.000000,Pass,,,,,,,,,,,,,,,,,,,,,,,,,,,,,,,,,,,,,,,,,,,,,,,,,,,,
260000,260000,117,,getTargetSensorID,TargetSensorID
260000,260000,118,,getTargetSensorPosition,5.0,-c,1.0,-+,0,,,,,,,,,,,,,,,,,,,,,,,,,,,,,,,,,,,,,,,,,,,,,,1.000000,0.000000,Pass,2.000000,0.000000,Pass,3.000000,0.000000,Pass,,,,,,,,,,,,,,,,,,,,,,,,,,,,,,,,,,,,,,,,,,,,,,
270000,270000,119,,getTargetSensorTime,TimeID
270000,270000,120,,getTargetSensorVelocity,7.0,-c,4.0,-+,0,,,,,,,,,,,,,,,,,,,,,,,,,,,,,,,,,,,,,,,,,,,,,,4.000000,0.000000,Pass,5.000000,0.000000,Pass,6.000000,0.000000,Pass,,,,,,,,,,,,,,,,,,,,,,,,,,,,,,,,,,,,,,,,,,,,,,
270000,270000,121,,getTargetVelocity,7.0,-c,4.0,-+,0,,,,,,,,,,,,,,,,,,,,,,,,,,,,,,,,,,,,,,,,,,,,,,4.000000,0.000000,Pass,5.000000,0.000000,Pass,6.000000,0.000000,Pass,,,,,,,,,,,,,,,,,,,,,,,,,,,,,,,,,,,,,,,,,,,,,,
270000,270000,122,,removePlugin_T,Removed
270000,270000,123,,removeTarget,Target Removed
280000,280000,124,,vtsRead21ISDFile,data/GHSarNITF21_good.ntf

Program End Time = Wed Jan 17 10:58:43 2007






